{"cameraMode":{"drawMode":0,"name":"Shaded","section":"Shading Mode"},"sceneLighting":true,"audioPlay":false,"sceneViewState":{"m_AlwaysRefresh":false,"showFog":true,"showSkybox":true,"showFlares":true,"showImageEffects":true,"showParticleSystems":true,"showVisualEffectGraphs":true,"m_FxEnabled":true},"in2DMode":false,"pivot":{"x":-153.35421752929688,"y":-0.11148381233215332,"z":-7.0906171798706059},"rotation":{"x":0.009523301385343075,"y":-0.7261278629302979,"z":0.010001281276345253,"w":0.6875205039978027},"size":50.69818115234375,"orthographic":false}