{"cameraMode":{"drawMode":0,"name":"Shaded","section":"Shading Mode"},"sceneLighting":true,"audioPlay":false,"sceneViewState":{"m_AlwaysRefresh":false,"showFog":true,"showSkybox":true,"showFlares":true,"showImageEffects":true,"showParticleSystems":true,"showVisualEffectGraphs":true,"m_FxEnabled":true},"in2DMode":false,"pivot":{"x":20.483745574951173,"y":-2.8497467041015627,"z":65.70979309082031},"rotation":{"x":0.0434863455593586,"y":0.11841276288032532,"z":-0.005221283528953791,"w":0.9920666217803955},"size":50.69818115234375,"orthographic":false}